rec_id,check,name,phone,place_id,url,memo,enable
89,,Cafe&bar Village,03-6276-0510,ChIJvf8TcpONGGAR84q50OtbOrg,https://www.google.com/maps/place/?q=place_id:ChIJvf8TcpONGGAR84q50OtbOrg,,true
67,,ベックスコーヒーショップ相鉄フレッサイン横浜駅東口店,080-3910‐8835,ChIJXxgToNJdGGARVe7eDvPDAxQ,https://www.google.com/maps/place/?q=place_id:ChIJXxgToNJdGGARVe7eDvPDAxQ,,true
85,,AMAZINGSPACE.,03-6811-2933,ChIJwU2LZ2iLGGARSWuS27ZrE94,https://www.google.com/maps/place/?q=place_id:ChIJwU2LZ2iLGGARSWuS27ZrE94,,true
7,,ベックスコーヒーショップ 横浜中央口店,090-1735-9374,ChIJJ51FrRNcGGARUJKF50WYiGw,https://www.google.com/maps/place/?q=place_id:ChIJJ51FrRNcGGARUJKF50WYiGw,,true
111,,甲州天山,03-3551-4431,ChIJJUAxVlmJGGAR5RM8SdwABuM,https://www.google.com/maps/place/?q=place_id:ChIJJUAxVlmJGGAR5RM8SdwABuM,,true
13,,Railway Club大宮店,048-650-0895,ChIJ89ZXhbzBGGARrzQPJRQXQv0,https://www.google.com/maps/place/?q=place_id:ChIJ89ZXhbzBGGARrzQPJRQXQv0,,true
14,,The DECK,06-6125-5627,ChIJx-SqXx_nAGAR30DdSJLf9-w,https://www.google.com/maps/place/?q=place_id:ChIJx-SqXx_nAGAR30DdSJLf9-w,,true
17,,パセラのコワーク 東神田店,03-5835-0361,ChIJFwx_0fyPGGARTrTKI-yj2Go,https://www.google.com/maps/place/?q=place_id:ChIJFwx_0fyPGGARTrTKI-yj2Go,,true
18,,コワーキングスペース7F（ナナエフ）,048-729-5197,ChIJ6TGrWEHBGGARo1GE_tbF0Jc,https://www.google.com/maps/place/?q=place_id:ChIJ6TGrWEHBGGARo1GE_tbF0Jc,,true
112,,SugarSpoon 日本橋本店,03-3516-8660,ChIJ2abNBViJGGARLX0KRjELh4M,https://www.google.com/maps/place/?q=place_id:ChIJ2abNBViJGGARLX0KRjELh4M,,true
356,,BIRTH LAB,080-3547-0544,ChIJW9o786GLGGARcfYy0TQpPLY,https://www.google.com/maps/place/?q=place_id:ChIJW9o786GLGGARcfYy0TQpPLY,,true
15,,Think Lab 汐留店,0,,,,false
29,,パセラリゾーツ池袋西口店,0120-706-731,ChIJSzkP9V6NGGARoIhTEuwBqPQ,https://www.google.com/maps/place/?q=place_id:ChIJSzkP9V6NGGARoIhTEuwBqPQ,,false
46,,パセラのコワークサテライト安心お宿荻窪店,0120-083-926,,,,false
47,,おしごとお宿秋葉原電気街店,0120-083-489,,,,true
53,,コワーキングスペース Basis Point 五反田店,03-45316668,ChIJQUKHifmKGGARS6wgKN15tlY,https://www.google.com/maps/place/?q=place_id:ChIJQUKHifmKGGARS6wgKN15tlY,,true
162,,テレキューブ 西武鉄道 所沢駅 改札内 コンコース(11-01),0120-595-656,ChIJ0WLUFGLnGGARyqMQb2VBToU,https://www.google.com/maps/place/?q=place_id:ChIJ0WLUFGLnGGARyqMQb2VBToU,,true
69,,BeSmart水道橋,03-3518-9537,ChIJScI3Vn6NGGARFJMnRiqBFHI,https://www.google.com/maps/place/?q=place_id:ChIJScI3Vn6NGGARFJMnRiqBFHI,,true
91,,AKASAKAダイニング,03-6426-5772,ChIJiySpgZqLGGARGDaXGJUvlmA,https://www.google.com/maps/place/?q=place_id:ChIJiySpgZqLGGARGDaXGJUvlmA,,true
92,,粋な肉　船橋店,047-411-1355,ChIJJ-pgzCaBGGARsS7QkWAwgkY,https://www.google.com/maps/place/?q=place_id:ChIJJ-pgzCaBGGARsS7QkWAwgkY,,true
113,,Oh!tuka Rocky,03-6903-6966,ChIJlwYpyMONGGARpNsxbXdSx3s,https://www.google.com/maps/place/?q=place_id:ChIJlwYpyMONGGARpNsxbXdSx3s,,false
16,,パセラのコワーク 東新宿店,0120-759-589,ChIJOyHYrt-MGGARHEPXTfiPYjQ,https://www.google.com/maps/place/?q=place_id:ChIJOyHYrt-MGGARHEPXTfiPYjQ,,true
49,,おしごとお宿名古屋栄店,0120-083-758,ChIJe93iIeNxA2ARLgxjVLh2xvQ,https://www.google.com/maps/place/?q=place_id:ChIJe93iIeNxA2ARLgxjVLh2xvQ,,true
55,,コワーキングスペース Basis Point 池袋店,0345316668,ChIJdX5h32eNGGARof_Sn3IDOM0,https://www.google.com/maps/place/?q=place_id:ChIJdX5h32eNGGARof_Sn3IDOM0,,true
126,,Cony&toad,045-211-6383,ChIJ086wiE9dGGARDKeKGd4rwcQ,https://www.google.com/maps/place/?q=place_id:ChIJ086wiE9dGGARDKeKGd4rwcQ,,true
24,,おしごとパセラ渋谷店,0120-992-740,ChIJPa6Iv9SNGGAR2ZvkiDbKnHQ,https://www.google.com/maps/place/?q=place_id:ChIJPa6Iv9SNGGAR2ZvkiDbKnHQ,,true
114,,Workmedi新宿,03-6890-0303,ChIJP3y7O06NGGARQeZGqRE8W2Y,https://www.google.com/maps/place/?q=place_id:ChIJP3y7O06NGGARQeZGqRE8W2Y,,true
70,,テスト店舗山本,0000000000,,,,false
31,,パセラリゾーツ上野御徒町店,0120-706-737,ChIJAzrCCyCMGGARLRUSKGnD49Q,https://www.google.com/maps/place/?q=place_id:ChIJAzrCCyCMGGARLRUSKGnD49Q,,false
45,,パセラのコワークサテライト安心お宿新橋汐留店,0120-083-485,,,,false
324,,ジラフモノクローム,093-531-1531,ChIJ9RjpcE2_QzURuvacZt2KCQY,https://www.google.com/maps/place/?q=place_id:ChIJ9RjpcE2_QzURuvacZt2KCQY,,true
351,,熊谷オフィス,048-594-7005,ChIJBUS_sb4pH2ARvwnCsV9ThhE,https://www.google.com/maps/place/?q=place_id:ChIJBUS_sb4pH2ARvwnCsV9ThhE,,true
128,,OTEMAE space,06-4309-6825,ChIJLc_ozv3nAGAR34mWSd65XJw,https://www.google.com/maps/place/?q=place_id:ChIJLc_ozv3nAGAR34mWSd65XJw,,true
22,,パセラリゾーツ赤坂店,0120-759-926,,,,false
51,,パセラ珈琲　南池袋店,0120-759-821,ChIJ1VNIFWqNGGARATu4Q9vbCfA,https://www.google.com/maps/place/?q=place_id:ChIJ1VNIFWqNGGARATu4Q9vbCfA,,false
6,,ベックスコーヒーショップ 横浜北口店,090-6490-4367,,,,false
23,,おしごとパセラ六本木店,0120-911-086,ChIJTXMYkXyLGGARhH5Md-bTruo,https://www.google.com/maps/place/?q=place_id:ChIJTXMYkXyLGGARhH5Md-bTruo,,true
38,,おしごとパセラなんば道頓堀店,0120-708-759,ChIJq6carpjnAGARWfKdoAYF44Y,https://www.google.com/maps/place/?q=place_id:ChIJq6carpjnAGARWfKdoAYF44Y,,true
52,,コワーキングスペース Basis Point 新橋店,03-4531-6668,ChIJfa1VN-iLGGAR7ZYX_inXYRU,https://www.google.com/maps/place/?q=place_id:ChIJfa1VN-iLGGAR7ZYX_inXYRU,,true
77,,aragan,058-295-5355,ChIJFTQ67d2rA2ARuPdxCrecd68,https://www.google.com/maps/place/?q=place_id:ChIJFTQ67d2rA2ARuPdxCrecd68,,true
345,,川崎アントレサロン,04-4244-7340,ChIJSScFZ5hgGGARKXqH6iatWiI,https://www.google.com/maps/place/?q=place_id:ChIJSScFZ5hgGGARKXqH6iatWiI,,true
346,,大宮アントレサロン,04-8778-7601,ChIJKfDUOALBGGARyJ0zD64nGeM,https://www.google.com/maps/place/?q=place_id:ChIJKfDUOALBGGARyJ0zD64nGeM,,true
100,,Work＆Study space 綱島デスク,045-633-1637,ChIJ4VIHfSdfGGAR_ypt2fNBqvg,https://www.google.com/maps/place/?q=place_id:ChIJ4VIHfSdfGGAR_ypt2fNBqvg,,true
36,,おしごとパセラ 横浜ハマボールイアス店,0120-184-458,ChIJNYMExR9dGGARwmkBbPaLC_E,https://www.google.com/maps/place/?q=place_id:ChIJNYMExR9dGGARwmkBbPaLC_E,,true
20,,おしごとパセラ銀座店,0120-759-418,ChIJ15AYTTOLGGARAnGAhXH8d74,https://www.google.com/maps/place/?q=place_id:ChIJ15AYTTOLGGARAnGAhXH8d74,,true
4,,ベックスコーヒーショップ 四ツ谷店,080-4123-1887,,,,false
64,,5CROSSTIES COFFEE　エキュート上野店　,03-5246-6781,ChIJ_W3XHrSPGGARp7ABkJHaXPM,https://www.google.com/maps/place/?q=place_id:ChIJ_W3XHrSPGGARp7ABkJHaXPM,,true
66,,ベックスコーヒーショップ 信濃町店,090-9829-3144,ChIJz-L56UKNGGAR03mN6iKd0_A,https://www.google.com/maps/place/?q=place_id:ChIJz-L56UKNGGAR03mN6iKd0_A,,true
2,,(改札内) 5CROSSTIES COFFEE グランスタ店,03-5220-5050,ChIJ6QPHefmLGGARw6xF7LuKUJM,https://www.google.com/maps/place/?q=place_id:ChIJ6QPHefmLGGARw6xF7LuKUJM,,true
342,,池袋アントレサロン,03-5956-0140,ChIJkRoClGaNGGARuMJE7IT8YwM,https://www.google.com/maps/place/?q=place_id:ChIJkRoClGaNGGARuMJE7IT8YwM,,true
32,,おしごとパセラAKIBAマルチエンターテインメント店,0120-194-759,ChIJUXh-yieNGGARWjjJ0bTv7QA,https://www.google.com/maps/place/?q=place_id:ChIJUXh-yieNGGARWjjJ0bTv7QA,,true
8,,ベックスコーヒー 松戸店,080-3585-9707,,,,false
62,,パセラステーション,0120-210-428,ChIJgwZxV-6NGGARBSlZ9cu0iLA,https://www.google.com/maps/place/?q=place_id:ChIJgwZxV-6NGGARBSlZ9cu0iLA,,true
65,,ベックスコーヒーショップ 西日暮里店,090-8477-9707,ChIJt2myvwWNGGARlAzg4aghxW4,https://www.google.com/maps/place/?q=place_id:ChIJt2myvwWNGGARlAzg4aghxW4,,true
81,,Ray Terrace,03-6822-5449,ChIJW2dzutKLGGARSIy5o8Hi0Mg,https://www.google.com/maps/place/?q=place_id:ChIJW2dzutKLGGARSIy5o8Hi0Mg,,true
82,,ARISE CO-WORKING,029-266-8030,ChIJZfQJcXcxImARrSw1VMkj4Pc,https://www.google.com/maps/place/?q=place_id:ChIJZfQJcXcxImARrSw1VMkj4Pc,,true
124,,GOODWORK,03-5790-9581,ChIJq8Y5_EvzGGARpuEn4KaFd4Q,https://www.google.com/maps/place/?q=place_id:ChIJq8Y5_EvzGGARpuEn4KaFd4Q,,true
41,,ハニトーカフェ 秋葉原店,0120-195-759,ChIJLTCFIB2MGGARHAZ3tBxjFR0,https://www.google.com/maps/place/?q=place_id:ChIJLTCFIB2MGGARHAZ3tBxjFR0,,true
80,,C.O.L,090-7391-4070,ChIJPab-nQJr5TQRRmidAvmEPJY,https://www.google.com/maps/place/?q=place_id:ChIJPab-nQJr5TQRRmidAvmEPJY,,true
42,,おしごとパセラ銀座店（カフェフロア）,0120-759418,ChIJ15AYTTOLGGARAnGAhXH8d74,https://www.google.com/maps/place/?q=place_id:ChIJ15AYTTOLGGARAnGAhXH8d74,,true
44,,パセラのコワーク新宿南口駅前店,0120-083-184,ChIJXdZ-PdGNGGAR8Jv8FTz0Ink,https://www.google.com/maps/place/?q=place_id:ChIJXdZ-PdGNGGAR8Jv8FTz0Ink,,true
48,,パセラのコワーク新橋店,0120-083-484,ChIJcStbmgSLGGARXvyHpIPcN84,https://www.google.com/maps/place/?q=place_id:ChIJcStbmgSLGGARXvyHpIPcN84,,true
83,,ニュー新橋コワーキング,03-6457-9944,ChIJCYG4KuqLGGAR0KYbO1yHUf8,https://www.google.com/maps/place/?q=place_id:ChIJCYG4KuqLGGAR0KYbO1yHUf8,,true
94,,カフェ・ハイチ,0333588172,ChIJQ4t2E5LyGGARj70OE_hFgCQ,https://www.google.com/maps/place/?q=place_id:ChIJQ4t2E5LyGGARj70OE_hFgCQ,,true
127,,コワーキングスペース・マーキュリー倶楽部 ,027-212-9661 ,ChIJazIXHAPzHmARIEH0Djx_Ccc,https://www.google.com/maps/place/?q=place_id:ChIJazIXHAPzHmARIEH0Djx_Ccc,,true
209,,テレキューブ 晴海センタービル(47-01),0120-595-656,ChIJVVWVrYKJGGARwtw70a_RAKo,https://www.google.com/maps/place/?q=place_id:ChIJVVWVrYKJGGARwtw70a_RAKo,,true
119,,THE BRANCH,04-2902-6401,ChIJb-dh1oLnGGARZuokTkpIdOw,https://www.google.com/maps/place/?q=place_id:ChIJb-dh1oLnGGARZuokTkpIdOw,,true
95,,RETREA Healing Lounge,03-6240-6142,ChIJs__0ALiPGGARFSSWK1WgXSc,https://www.google.com/maps/place/?q=place_id:ChIJs__0ALiPGGARFSSWK1WgXSc,,true
96,,Gotham,080-7534-1961,ChIJ52g1sVyNGGARwqG2p4QZT0Q,https://www.google.com/maps/place/?q=place_id:ChIJ52g1sVyNGGARwqG2p4QZT0Q,,true
98,,【操作体験用】Dropinサンプル店舗,050-3771-2349,,,,true
101,,レストランカフェファド,03-3977-8026,ChIJPYHPLWHsGGARgxlprb_yPQQ,https://www.google.com/maps/place/?q=place_id:ChIJPYHPLWHsGGARgxlprb_yPQQ,,true
121,,OITA MIDTOWN,097-535-0505,ChIJsWI0qRafRjUR58A0sKw1Bgs,https://www.google.com/maps/place/?q=place_id:ChIJsWI0qRafRjUR58A0sKw1Bgs,,true
129,,kings cafe 赤坂サカス店,03-6277-8238,ChIJA6luG8KLGGAR6OdSrLlafy4,https://www.google.com/maps/place/?q=place_id:ChIJA6luG8KLGGAR6OdSrLlafy4,,true
73,,コワーキングスペース Basis Point 丸井吉祥寺店,03-4531-6668,ChIJARPSJyPvGGARgTwQ2R2njhA,https://www.google.com/maps/place/?q=place_id:ChIJARPSJyPvGGARgTwQ2R2njhA,,true
316,,テレキューブ セブンイレブンミューザ川崎フロアツー店(111-01),0120-595-656,ChIJ7xfm455gGGARcXgeqW_7sZ0,https://www.google.com/maps/place/?q=place_id:ChIJ7xfm455gGGARcXgeqW_7sZ0,,true
68,,5 CROSSTIES COFFEE エキュートエディション横浜店,045‐620‐3181,ChIJG9_UhXtdGGARGfWJP0O-x3U,https://www.google.com/maps/place/?q=place_id:ChIJG9_UhXtdGGARGfWJP0O-x3U,,true
97,,NEKTON OFUNA,0467-53-8100,ChIJr5zB0TBFGGAR4ZkON9FKhP8,https://www.google.com/maps/place/?q=place_id:ChIJr5zB0TBFGGAR4ZkON9FKhP8,,true
143,,テレキューブ サンシャイン60(45-02),0120-595-656,ChIJpW8-OW-NGGARn_my-r76YS0,https://www.google.com/maps/place/?q=place_id:ChIJpW8-OW-NGGARn_my-r76YS0,,true
3,,(改札外) 5CROSSTIES COFFEE グランスタ店,0352205050,ChIJ6QPHefmLGGARw6xF7LuKUJM,https://www.google.com/maps/place/?q=place_id:ChIJ6QPHefmLGGARw6xF7LuKUJM,,true
35,,パセラリゾーツ横浜関内店,0120-911-753,ChIJz9HXgvNcGGAR6FHFcIXFEmU,https://www.google.com/maps/place/?q=place_id:ChIJz9HXgvNcGGAR6FHFcIXFEmU,,false
37,,パセラリゾーツ天王寺店,0120-128-759,ChIJLewpmvrdAGARWeknz2bAGig,https://www.google.com/maps/place/?q=place_id:ChIJLewpmvrdAGARWeknz2bAGig,,false
50,,パセラのコワークサテライト安心お宿四条烏丸店,0120-083-554,,,,false
39,,天神シティライブラリー,092-406-0381,,,,false
61,,ThinkLab 銀座店,"",,,,false
19,,Basis Point 横浜店,03-4531-6668,ChIJs95x1yZdGGAR9lD3oAjyxN8,https://www.google.com/maps/place/?q=place_id:ChIJs95x1yZdGGAR9lD3oAjyxN8,,false
25,,パセラリゾーツ新宿本店,0120-706-733,ChIJj3M-oNmMGGAROsKvPMOxT_o,https://www.google.com/maps/place/?q=place_id:ChIJj3M-oNmMGGAROsKvPMOxT_o,,false
33,,パセラリゾーツ秋葉原昭和通り館,0120-706-738,,,,false
27,,パセラリゾーツ新宿歌舞伎町店,0120-937-335,,,,false
1,,ベックスコーヒーショップ 丸の内北口店,090-9841-0375,,,,false
87,,Offield,0578-84-0084,ChIJ9XnFgE9PHWARocpGeGV5Gc8,https://www.google.com/maps/place/?q=place_id:ChIJ9XnFgE9PHWARocpGeGV5Gc8,,true
122,,棲家アーキテクチャカフェ,03-5315-0396,ChIJJ7az8oiNGGARiyPJIq_ViRs,https://www.google.com/maps/place/?q=place_id:ChIJJ7az8oiNGGARiyPJIq_ViRs,,true
109,,GOOD WORKING ZAIMOKUZA,"",ChIJ58eHOJtFGGARrHO7NfrJ3V4,https://www.google.com/maps/place/?q=place_id:ChIJ58eHOJtFGGARrHO7NfrJ3V4,,true
370,,首都圏NSプラザin前橋,03-6161-7000,"",,,true
104,,howliveイオンモール沖縄ライカム店,098-989-0875,ChIJYfrzce0T5TQRvE6sAFS2z5M,https://www.google.com/maps/place/?q=place_id:ChIJYfrzce0T5TQRvE6sAFS2z5M,,true
366,,Co-Working Space Shinjuku,03-6384-1297,ChIJCd85CYONGGAROzjK0EgWo9E,https://www.google.com/maps/place/?q=place_id:ChIJCd85CYONGGAROzjK0EgWo9E,,true
352,,トヨプラ（TOYOSAKI　プラットフォームセンター）,098-851-3396,ChIJX7FYD-Jn5TQR5JPubkJITCY,https://www.google.com/maps/place/?q=place_id:ChIJX7FYD-Jn5TQR5JPubkJITCY,,true
131,,ぎゃらりー喫茶なよたけ,046-222-8887,ChIJ2Q0LvVJVGGARh6vQBMV-dvk,https://www.google.com/maps/place/?q=place_id:ChIJ2Q0LvVJVGGARh6vQBMV-dvk,,true
86,,コミュニティ+コワーキングスペース｜teniteo,052-212-2711,ChIJEQTi3_N3A2ARS9wWKUZUWoE,https://www.google.com/maps/place/?q=place_id:ChIJEQTi3_N3A2ARS9wWKUZUWoE,,true
134,,17:31,070-4147-6444,ChIJhxoyoy5XGGARia1hp3YwsNg,https://www.google.com/maps/place/?q=place_id:ChIJhxoyoy5XGGARia1hp3YwsNg,,true
123,,珈琲＆ちょい呑み サンマロー,042-444-5994,ChIJMcQI2GrwGGARYsyAu9YC7h0,https://www.google.com/maps/place/?q=place_id:ChIJMcQI2GrwGGARYsyAu9YC7h0,,true
117,,アンノーン ,03-6877-0611,ChIJkbIj91CJGGAR-focqlNa7aY,https://www.google.com/maps/place/?q=place_id:ChIJkbIj91CJGGAR-focqlNa7aY,,false
132,,コワーキングスペース・Somethin' ELSE,027-386-3373,ChIJr3W9FYKSHmARVCj_4McjwFY,https://www.google.com/maps/place/?q=place_id:ChIJr3W9FYKSHmARVCj_4McjwFY,,true
371,,navicafe,03-3366-2002,ChIJF7A9gimNGGARCahGeHckWw4,https://www.google.com/maps/place/?q=place_id:ChIJF7A9gimNGGARCahGeHckWw4,,true
110,,BASE POINT,03-5332-8332,ChIJIbfcEyqNGGARMBeffPgzQpA,https://www.google.com/maps/place/?q=place_id:ChIJIbfcEyqNGGARMBeffPgzQpA,,true
11,,コワーキングスペースForest,03-5927-9553,ChIJc65NLGSNGGARKVx6BNndmGw,https://www.google.com/maps/place/?q=place_id:ChIJc65NLGSNGGARKVx6BNndmGw,,true
93,,ベックスコーヒーショップ　八王子店,080-4172-7817,ChIJ-5STWtkdGWARuE9u9UNHaek,https://www.google.com/maps/place/?q=place_id:ChIJ-5STWtkdGWARuE9u9UNHaek,,true
137,,旧村上邸 -鎌倉みらいラボ -,080-2117-3217,ChIJwdJfeMlFGGARzinoX0fPyIE,https://www.google.com/maps/place/?q=place_id:ChIJwdJfeMlFGGARzinoX0fPyIE,,false
107,,kings cafe 中目黒店,090-1703-0129,ChIJX5aLIxSLGGAREDiXY1MYn-E,https://www.google.com/maps/place/?q=place_id:ChIJX5aLIxSLGGAREDiXY1MYn-E,,true
120,,Sala Mercurio,075-681-0811,ChIJWf-S4T8JAWARnL9FDLhocfI,https://www.google.com/maps/place/?q=place_id:ChIJWf-S4T8JAWARnL9FDLhocfI,,true
369,,ヒューマンポテンシャルラボ　銀河荘,09040217490,ChIJnQcWRGVPGGARcLUQbHGP88w,https://www.google.com/maps/place/?q=place_id:ChIJnQcWRGVPGGARcLUQbHGP88w,,true
140,,ネコワーキングスペース鎌倉雪ノ下,046-874-7009,ChIJV1IUkzlHGGAROdQTKusJZUI,https://www.google.com/maps/place/?q=place_id:ChIJV1IUkzlHGGAROdQTKusJZUI,,true
314,,テレキューブ 名古屋鉄道 大曽根駅 2F改札外(109-01),0120-595-656,ChIJ1UdJVQFxA2ARaXB6DJUsKII,https://www.google.com/maps/place/?q=place_id:ChIJ1UdJVQFxA2ARaXB6DJUsKII,,false
318,,テレキューブ みなと銀行姫路中央支店(38-01),0120-595-656,ChIJCzxXFm3gVDURO8KMGygJLGI,https://www.google.com/maps/place/?q=place_id:ChIJCzxXFm3gVDURO8KMGygJLGI,,true
362,,howliveタイムスビル店,098-894-8124,ChIJnQ5LBJ1p5TQR2VGwZ5fglnc,https://www.google.com/maps/place/?q=place_id:ChIJnQ5LBJ1p5TQR2VGwZ5fglnc,,true
106,,Think Space 鎌倉,0467-37-9624,ChIJ7Unp4FtPGGARim_o4_-4CUc,https://www.google.com/maps/place/?q=place_id:ChIJ7Unp4FtPGGARim_o4_-4CUc,,true
108,,鎌倉・旅する仕事場 西口ラウンジ,0467-55-8217,ChIJoQsf7sFFGGARxobz0gXMtTM,https://www.google.com/maps/place/?q=place_id:ChIJoQsf7sFFGGARxobz0gXMtTM,,true
115,,鎌倉・旅する仕事場 小町オフィス,0467-55-8217,ChIJy55KDyZFGGARG4n62PtY7FQ,https://www.google.com/maps/place/?q=place_id:ChIJy55KDyZFGGARG4n62PtY7FQ,,true
361,,ワーケーションルーム,098-862-7144,ChIJJbmNy2Rp5TQRwbMVG1HU7WA,https://www.google.com/maps/place/?q=place_id:ChIJJbmNy2Rp5TQRwbMVG1HU7WA,,true
54,,コワーキングスペース Basis Point 神保町店,03-4531-6668,ChIJtTOFIRGMGGARQfQeNLWnsdg,https://www.google.com/maps/place/?q=place_id:ChIJtTOFIRGMGGARQfQeNLWnsdg,,true
344,,桜木町アントレサロン,04-5664-1455,ChIJ0y1zAV9cGGARdSOflnCog68,https://www.google.com/maps/place/?q=place_id:ChIJ0y1zAV9cGGARdSOflnCog68,,true
136,,カフェ鎌倉美学,0467-22-2233,ChIJew7eEsJFGGARVuOmgGbWpek,https://www.google.com/maps/place/?q=place_id:ChIJew7eEsJFGGARVuOmgGbWpek,,true
138,,おおたfab,03-6428-7162,ChIJq6p6C1FgGGARKRstXK7DQjQ,https://www.google.com/maps/place/?q=place_id:ChIJq6p6C1FgGGARKRstXK7DQjQ,,true
102,,ハルバル材木座,090-6525-6507,ChIJIa8vIl1FGGARL7HWxu_U9Ts,https://www.google.com/maps/place/?q=place_id:ChIJIa8vIl1FGGARL7HWxu_U9Ts,,true
355,,展望ラウンジ感謝,098-947-0111,ChIJAUsvgFZu5TQRziPY-Mgq5g8,https://www.google.com/maps/place/?q=place_id:ChIJAUsvgFZu5TQRziPY-Mgq5g8,,true
34,,おしごとパセラ秋葉原電気街店,0120-759-835,ChIJTxOa51iNGGAR153loinSZ_8,https://www.google.com/maps/place/?q=place_id:ChIJTxOa51iNGGAR153loinSZ_8,,true
181,,テレキューブ 阪急西宮ガーデンズ本館(28-01),0120-595-656,ChIJX3ceST_yAGARIKTqND0G7O4,https://www.google.com/maps/place/?q=place_id:ChIJX3ceST_yAGARIKTqND0G7O4,,true
325,,SWEETS Cafe&Bar ベツバラ。,093−541−2030,ChIJ3f4ed02_QzURodYUBIDjHnA,https://www.google.com/maps/place/?q=place_id:ChIJ3f4ed02_QzURodYUBIDjHnA,,true
211,,テレキューブ 日比谷シャンテ(53-01),0120-595-656,ChIJ2T7-Su6LGGAROeAW9YH-DDc,https://www.google.com/maps/place/?q=place_id:ChIJ2T7-Su6LGGAROeAW9YH-DDc,,true
363,, Ginger&Star cafe,050-1424-2881,ChIJu4OZymWNGGAReWbfNMDE_z4,https://www.google.com/maps/place/?q=place_id:ChIJu4OZymWNGGAReWbfNMDE_z4,,true
144,,テレキューブ 新東京ビル(03-03),0120-595-656,ChIJaVfYgfqLGGAR0KC_93MTrh4,https://www.google.com/maps/place/?q=place_id:ChIJaVfYgfqLGGAR0KC_93MTrh4,,true
145,,テレキューブ 六本木ヒルズ森タワー(04-01),0120-595-656,ChIJ__9ThIKLGGAR2FCxue47YLg,https://www.google.com/maps/place/?q=place_id:ChIJ__9ThIKLGGAR2FCxue47YLg,,true
146,,テレキューブ 新東京ビル(03-01),0120-595-656,ChIJaVfYgfqLGGAR0KC_93MTrh4,https://www.google.com/maps/place/?q=place_id:ChIJaVfYgfqLGGAR0KC_93MTrh4,,true
147,,テレキューブ 新東京ビル(03-02),0120-595-656,ChIJaVfYgfqLGGAR0KC_93MTrh4,https://www.google.com/maps/place/?q=place_id:ChIJaVfYgfqLGGAR0KC_93MTrh4,,true
148,,テレキューブ 新丸の内ビル(02-01),0120-595-656,ChIJTdqoSA-LGGARA7TIM1OA7qU,https://www.google.com/maps/place/?q=place_id:ChIJTdqoSA-LGGARA7TIM1OA7qU,,true
219,,テレキューブ 東京流通センター(56-01),0120-595-656,ChIJaRNMbbxhGGARsA-SbsONisU,https://www.google.com/maps/place/?q=place_id:ChIJaRNMbbxhGGARsA-SbsONisU,,true
225,,テレキューブ 二番町ガーデン(57-01),0120-595-656,ChIJGaW2N2KMGGAR_-URpXJEoD4,https://www.google.com/maps/place/?q=place_id:ChIJGaW2N2KMGGAR_-URpXJEoD4,,true
63,,パセラのコワーク上野店（旧クロックカフェ上野アクア店）,0120-759-875,ChIJ33HkBOCPGGAR6DczT-DI94c,https://www.google.com/maps/place/?q=place_id:ChIJ33HkBOCPGGAR6DczT-DI94c,,true
151,,テレキューブ 大手町パークビル(01-01),0120-595-656,ChIJ1WlifwiMGGARwVLYBXKVJoQ,https://www.google.com/maps/place/?q=place_id:ChIJ1WlifwiMGGARwVLYBXKVJoQ,,true
152,,テレキューブ 大手町パークビル(01-02),0120-595-656,ChIJ1WlifwiMGGARwVLYBXKVJoQ,https://www.google.com/maps/place/?q=place_id:ChIJ1WlifwiMGGARwVLYBXKVJoQ,,true
154,,テレキューブ 国際新赤坂ビル東館(09-02),0120-595-656,ChIJPT_WKoeLGGARKdopmVetSUg,https://www.google.com/maps/place/?q=place_id:ChIJPT_WKoeLGGARKdopmVetSUg,,true
155,,テレキューブ 日比谷国際ビル(05-01),0120-595-656,ChIJC_lIBe2LGGAR36rHoyRRs4U,https://www.google.com/maps/place/?q=place_id:ChIJC_lIBe2LGGAR36rHoyRRs4U,,true
226,,テレキューブ 二番町ガーデン(57-02),0120-595-656,ChIJGaW2N2KMGGAR_-URpXJEoD4,https://www.google.com/maps/place/?q=place_id:ChIJGaW2N2KMGGAR_-URpXJEoD4,,true
232,,テレキューブ 新丸の内ビル(02-09),0120-595-656,ChIJqwMesfmLGGARFoTbPjR5vZQ,https://www.google.com/maps/place/?q=place_id:ChIJqwMesfmLGGARFoTbPjR5vZQ,,true
233,,テレキューブ 豊洲フォレシア(19-03),0120-595-656,ChIJKcS0vaGJGGARZQwin8ZFUiE,https://www.google.com/maps/place/?q=place_id:ChIJKcS0vaGJGGARZQwin8ZFUiE,,true
270,,テレキューブ イトーヨーカドー多摩センター店(82-01),0120-595-656,ChIJ1afDZTXjGGARQH3ipdfQx5o,https://www.google.com/maps/place/?q=place_id:ChIJ1afDZTXjGGARQH3ipdfQx5o,,true
159,,テレキューブ 新青山ビル(07-01),0120-595-656,ChIJ1ekQu4OMGGARIYw_6NVMsNU,https://www.google.com/maps/place/?q=place_id:ChIJ1ekQu4OMGGARIYw_6NVMsNU,,true
160,,テレキューブ 新青山ビル(07-02),0120-595-656,ChIJ1ekQu4OMGGARIYw_6NVMsNU,https://www.google.com/maps/place/?q=place_id:ChIJ1ekQu4OMGGARIYw_6NVMsNU,,true
161,,テレキューブ 西武鉄道 高田馬場駅 改札内(10-01),0120-595-656,ChIJY6fanTmNGGARfposKT78SpU,https://www.google.com/maps/place/?q=place_id:ChIJY6fanTmNGGARfposKT78SpU,,true
239,,テレキューブ 新大手町ビル(58-01),0120-595-656,ChIJqRttdJqLGGARwJlk7SW-5fY,https://www.google.com/maps/place/?q=place_id:ChIJqRttdJqLGGARwJlk7SW-5fY,,true
165,,テレキューブ 小田急電鉄 経堂駅 改札内(12-02),0120-595-656,ChIJwxJfPpbzGGARg0AD5mIaoA0,https://www.google.com/maps/place/?q=place_id:ChIJwxJfPpbzGGARg0AD5mIaoA0,,true
166,,テレキューブ 小田急電鉄 町田駅 小田急百貨店エレベータ横(13-01),0120-595-656,ChIJTRNobVn_GGARrBWnRiPJrCc,https://www.google.com/maps/place/?q=place_id:ChIJTRNobVn_GGARrBWnRiPJrCc,,true
167,,テレキューブ 小田急電鉄 町田駅 小田急百貨店エレベータ横(13-02),0120-595-656,ChIJTRNobVn_GGARrBWnRiPJrCc,https://www.google.com/maps/place/?q=place_id:ChIJTRNobVn_GGARrBWnRiPJrCc,,true
168,,テレキューブ 山王パークタワー(14-01),0120-595-656,ChIJ0QTH47-LGGARkyOgGVjH2ng,https://www.google.com/maps/place/?q=place_id:ChIJ0QTH47-LGGARkyOgGVjH2ng,,true
169,,テレキューブ 山王パークタワー(14-02),0120-595-656,ChIJ0QTH47-LGGARkyOgGVjH2ng,https://www.google.com/maps/place/?q=place_id:ChIJ0QTH47-LGGARkyOgGVjH2ng,,true
240,,テレキューブ 新大手町ビル(58-02),0120-595-656,ChIJqRttdJqLGGARwJlk7SW-5fY,https://www.google.com/maps/place/?q=place_id:ChIJqRttdJqLGGARwJlk7SW-5fY,,true
247,,テレキューブ 青梅市役所(65-01),0120-595-656,ChIJK8TpDwUkGWARUx6QN2KqoBU,https://www.google.com/maps/place/?q=place_id:ChIJK8TpDwUkGWARUx6QN2KqoBU,,true
248,,テレキューブ 青梅市役所(65-02),0120-595-656,ChIJK8TpDwUkGWARUx6QN2KqoBU,https://www.google.com/maps/place/?q=place_id:ChIJK8TpDwUkGWARUx6QN2KqoBU,,true
249,,テレキューブ 二番町センタービル(68-01),0120-595-656,ChIJ5RPVnWOMGGARSR1h3e8RqYU,https://www.google.com/maps/place/?q=place_id:ChIJ5RPVnWOMGGARSR1h3e8RqYU,,true
255,,テレキューブ 山王グランドビル(64-02),0120-595-656,ChIJWa_gwniMGGARkqeu6zNoHmA,https://www.google.com/maps/place/?q=place_id:ChIJWa_gwniMGGARkqeu6zNoHmA,,true
172,,テレキューブ 豊洲フォレシア(19-01),0120-595-656,ChIJKcS0vaGJGGARZQwin8ZFUiE,https://www.google.com/maps/place/?q=place_id:ChIJKcS0vaGJGGARZQwin8ZFUiE,,true
174,,テレキューブ 北の丸スクエア(17-01),0120-595-656,ChIJ34JG1JyNGGARKIFT55WytcA,https://www.google.com/maps/place/?q=place_id:ChIJ34JG1JyNGGARKIFT55WytcA,,true
175,,テレキューブ 新宿フロントタワー(20-01),0120-595-656,ChIJCaXMm9TyGGARv7u7pefbByQ,https://www.google.com/maps/place/?q=place_id:ChIJCaXMm9TyGGARv7u7pefbByQ,,true
262,,テレキューブ トリトンスクエアX棟(75-01),0120-595-656,ChIJY_ofTHiJGGAR37V3yUfqIeI,https://www.google.com/maps/place/?q=place_id:ChIJY_ofTHiJGGAR37V3yUfqIeI,,true
105,,howlive名護宮里店,0980-43-0110,ChIJOenXynn_5DQRDKwnEHWzVfU,https://www.google.com/maps/place/?q=place_id:ChIJOenXynn_5DQRDKwnEHWzVfU,,true
183,,テレキューブ 丸の内二重橋ビル(23-01),0120-595-656,ChIJU7aGO6OLGGARA1I5i94FT90,https://www.google.com/maps/place/?q=place_id:ChIJU7aGO6OLGGARA1I5i94FT90,,true
88,,ビートルビル,045-595-9926,ChIJI0MN0Q9cGGARDVc9iN74m2o,https://www.google.com/maps/place/?q=place_id:ChIJI0MN0Q9cGGARDVc9iN74m2o,,true
12,,コワーキングスペースPao,03-6277-3892,ChIJezEeavqKGGARspENQrLHjDs,https://www.google.com/maps/place/?q=place_id:ChIJezEeavqKGGARspENQrLHjDs,,true
184,,テレキューブ JPタワー(25-01),0120-595-656,ChIJeQ2LO9WLGGAR3dFsd4Hr3QU,https://www.google.com/maps/place/?q=place_id:ChIJeQ2LO9WLGGAR3dFsd4Hr3QU,,true
263,,テレキューブ トリトンスクエアX棟(75-02),0120-595-656,ChIJY_ofTHiJGGAR37V3yUfqIeI,https://www.google.com/maps/place/?q=place_id:ChIJY_ofTHiJGGAR37V3yUfqIeI,,true
276,,テレキューブ 二子玉川ライズ オフィス棟(48-01),0120-595-656,ChIJVVWV3z_0GGARlmuWyKGhjH0,https://www.google.com/maps/place/?q=place_id:ChIJVVWV3z_0GGARlmuWyKGhjH0,,true
277,,テレキューブ 二子玉川ライズ オフィス棟(48-02),0120-595-656,ChIJVVWV3z_0GGARlmuWyKGhjH0,https://www.google.com/maps/place/?q=place_id:ChIJVVWV3z_0GGARlmuWyKGhjH0,,true
187,,テレキューブ 東武鉄道 北千住駅改札内 南側地下コンコース(22-03),0120-595-656,ChIJcW6bo0-OGGARCbs3q_vmtww,https://www.google.com/maps/place/?q=place_id:ChIJcW6bo0-OGGARCbs3q_vmtww,,true
188,,テレキューブ 丸の内二丁目ビル(15-01),0120-595-656,ChIJjd7_AvqLGGARZZdr0jaXkhE,https://www.google.com/maps/place/?q=place_id:ChIJjd7_AvqLGGARZZdr0jaXkhE,,true
190,,テレキューブ 渋谷クロスタワー(33-01),0120-595-656,ChIJrS_NPFmLGGAROKSsG-TDIrU,https://www.google.com/maps/place/?q=place_id:ChIJrS_NPFmLGGAROKSsG-TDIrU,,true
191,,テレキューブ 丸の内オアゾ(36-01),0120-595-656,ChIJcTE8WgyLGGARjzl8yBRL23A,https://www.google.com/maps/place/?q=place_id:ChIJcTE8WgyLGGARjzl8yBRL23A,,true
278,,テレキューブ アクアシティお台場(71-01),0120-595-656,ChIJj2qXQPaJGGARONxI-7FAum8,https://www.google.com/maps/place/?q=place_id:ChIJj2qXQPaJGGARONxI-7FAum8,,true
279,,テレキューブ アクアシティお台場(71-02),0120-595-656,ChIJj2qXQPaJGGARONxI-7FAum8,https://www.google.com/maps/place/?q=place_id:ChIJj2qXQPaJGGARONxI-7FAum8,,true
194,,テレキューブ グランキューブ(24-01),0120-595-656,ChIJQ8sbTgaMGGARzAsrMPiqepY,https://www.google.com/maps/place/?q=place_id:ChIJQ8sbTgaMGGARzAsrMPiqepY,,true
196,,テレキューブ 三田国際ビル(34-02),0120-595-656,ChIJtVAcnruLGGAR9o-qsWT2mQk,https://www.google.com/maps/place/?q=place_id:ChIJtVAcnruLGGAR9o-qsWT2mQk,,true
197,,テレキューブ 立川GREEN SPRINGS E棟(30-01),0120-595-656,ChIJZV_tW3HhGGARuklmnmCflkM,https://www.google.com/maps/place/?q=place_id:ChIJZV_tW3HhGGARuklmnmCflkM,,true
198,,テレキューブ イトーヨーカドー武蔵境店(40-01),0120-595-656,ChIJUwwL4pjvGGARwH5XnVingY4,https://www.google.com/maps/place/?q=place_id:ChIJUwwL4pjvGGARwH5XnVingY4,,true
204,,テレキューブ 羽田イノベーションシティ(41-01),0120-595-656,ChIJ8-4H1vlhGGARDw5nrHdGfNk,https://www.google.com/maps/place/?q=place_id:ChIJ8-4H1vlhGGARDw5nrHdGfNk,,true
283,,テレキューブ つくばエクスプレス 秋葉原駅(88-01),0120-595-656,ChIJKTP54qeOGGARsZf1fyU2jxU,https://www.google.com/maps/place/?q=place_id:ChIJKTP54qeOGGARsZf1fyU2jxU,,true
205,,テレキューブ 羽田イノベーションシティ(41-02),0120-595-656,ChIJ8-4H1vlhGGARDw5nrHdGfNk,https://www.google.com/maps/place/?q=place_id:ChIJ8-4H1vlhGGARDw5nrHdGfNk,,true
295,,テレキューブ 飯田橋駅東口ビル(98-01),0120-595-656,ChIJ4aKbD0SMGGARDXPyFqhLHJs,https://www.google.com/maps/place/?q=place_id:ChIJ4aKbD0SMGGARDXPyFqhLHJs,,true
358,,コワーキングスペースがんじゅう,0980-52-8123,ChIJN7a_7xpX5DQR0eoQAiVg8tA,https://www.google.com/maps/place/?q=place_id:ChIJN7a_7xpX5DQR0eoQAiVg8tA,,true
373,,Coworking Space KLATCH Ishigaki,0980-87-9911,ChIJsTmYtK0KYDQRaOYn_yC6zHo,https://www.google.com/maps/place/?q=place_id:ChIJsTmYtK0KYDQRaOYn_yC6zHo,,true
208,,テレキューブ 豊洲フォレシア(19-02),0120-595-656,ChIJKcS0vaGJGGARZQwin8ZFUiE,https://www.google.com/maps/place/?q=place_id:ChIJKcS0vaGJGGARZQwin8ZFUiE,,true
9,,5CROSSTIES COFFEE 渋谷スクランブルスクエア店,03-3394-4236,ChIJnZnv3L2LGGARySNZFap7FFU,https://www.google.com/maps/place/?q=place_id:ChIJnZnv3L2LGGARySNZFap7FFU,,true
201,,テレキューブ イトーヨーカドー藤沢店(49-01),0120-595-656,ChIJ4WrSb7VPGGARh5TyKlKlnR8,https://www.google.com/maps/place/?q=place_id:ChIJ4WrSb7VPGGARh5TyKlKlnR8,,true
5,,ベックスコーヒーショップ 品川店,080-4363-5609,ChIJF14TblqKGGARUmwRPo-CPnI,https://www.google.com/maps/place/?q=place_id:ChIJF14TblqKGGARUmwRPo-CPnI,,true
210,,テレキューブ 晴海センタービル(47-02),0120-595-656,ChIJVVWVrYKJGGARwtw70a_RAKo,https://www.google.com/maps/place/?q=place_id:ChIJVVWVrYKJGGARwtw70a_RAKo,,true
142,,テレキューブ サンシャイン60(45-01),0120-595-656,ChIJpW8-OW-NGGARn_my-r76YS0,https://www.google.com/maps/place/?q=place_id:ChIJpW8-OW-NGGARn_my-r76YS0,,true
297,,テレキューブ コモレ四谷(101-02),0120-595-656,ChIJBWdTKNmNGGARs66BF8qkFtE,https://www.google.com/maps/place/?q=place_id:ChIJBWdTKNmNGGARs66BF8qkFtE,,true
298,,テレキューブ 品川シーサイドパークタワー(93-01),0120-595-656,ChIJ76BHpTyLGGAR0HXStwUgXnI,https://www.google.com/maps/place/?q=place_id:ChIJ76BHpTyLGGAR0HXStwUgXnI,,true
213,,テレキューブ 晴海フロント(46-01),0120-595-656,ChIJsSicoxaJGGAR-aTDW4lTMjI,https://www.google.com/maps/place/?q=place_id:ChIJsSicoxaJGGAR-aTDW4lTMjI,,true
214,,テレキューブ 晴海フロント(46-02),0120-595-656,ChIJsSicoxaJGGAR-aTDW4lTMjI,https://www.google.com/maps/place/?q=place_id:ChIJsSicoxaJGGAR-aTDW4lTMjI,,true
215,,テレキューブ 京成日暮里駅(51-01),0120-595-656,ChIJMSkMutWNGGARvoPOfbkjYKA,https://www.google.com/maps/place/?q=place_id:ChIJMSkMutWNGGARvoPOfbkjYKA,,true
216,,テレキューブ 京成日暮里駅(51-02),0120-595-656,ChIJMSkMutWNGGARvoPOfbkjYKA,https://www.google.com/maps/place/?q=place_id:ChIJMSkMutWNGGARvoPOfbkjYKA,,true
367,,SUGATA鎌倉マリーナ店,0467-33-5253,ChIJVVWxBXRGGGARmwTsl4ekgtU,https://www.google.com/maps/place/?q=place_id:ChIJVVWxBXRGGGARmwTsl4ekgtU,,true
103,,秋葉原和堂,03-6284-4369,ChIJwwFQQB6MGGAREitmVMPo9bQ,https://www.google.com/maps/place/?q=place_id:ChIJwwFQQB6MGGAREitmVMPo9bQ,,true
220,,テレキューブ 東京流通センター(56-02),0120-595-656,ChIJaRNMbbxhGGARsA-SbsONisU,https://www.google.com/maps/place/?q=place_id:ChIJaRNMbbxhGGARsA-SbsONisU,,true
223,,テレキューブ 日比谷マリンビル(55-01),0120-595-656,ChIJoSjB1vGLGGARgETh3I7h2Y4,https://www.google.com/maps/place/?q=place_id:ChIJoSjB1vGLGGARgETh3I7h2Y4,,true
224,,テレキューブ 日比谷マリンビル(55-02),0120-595-656,ChIJoSjB1vGLGGARgETh3I7h2Y4,https://www.google.com/maps/place/?q=place_id:ChIJoSjB1vGLGGARgETh3I7h2Y4,,true
307,,テレキューブ JR西日本 大阪駅改札外(105-02),0120-595-656,ChIJC6fjlY3mAGARSshZ6CLIrhs,https://www.google.com/maps/place/?q=place_id:ChIJC6fjlY3mAGARSshZ6CLIrhs,,true
203,,テレキューブ 喫茶部ガレージ(50-01),0120-595-656,ChIJb2F4By7zAGARB3WXngNq9FE,https://www.google.com/maps/place/?q=place_id:ChIJb2F4By7zAGARB3WXngNq9FE,,true
227,,テレキューブ 新丸の内ビル(02-04),0120-595-656,ChIJqwMesfmLGGARFoTbPjR5vZQ,https://www.google.com/maps/place/?q=place_id:ChIJqwMesfmLGGARFoTbPjR5vZQ,,true
228,,テレキューブ 新丸の内ビル(02-05),0120-595-656,ChIJqwMesfmLGGARFoTbPjR5vZQ,https://www.google.com/maps/place/?q=place_id:ChIJqwMesfmLGGARFoTbPjR5vZQ,,true
229,,テレキューブ 新丸の内ビル(02-06),0120-595-656,ChIJqwMesfmLGGARFoTbPjR5vZQ,https://www.google.com/maps/place/?q=place_id:ChIJqwMesfmLGGARFoTbPjR5vZQ,,true
230,,テレキューブ 新丸の内ビル(02-07),0120-595-656,ChIJqwMesfmLGGARFoTbPjR5vZQ,https://www.google.com/maps/place/?q=place_id:ChIJqwMesfmLGGARFoTbPjR5vZQ,,true
231,,テレキューブ 新丸の内ビル(02-08),0120-595-656,ChIJqwMesfmLGGARFoTbPjR5vZQ,https://www.google.com/maps/place/?q=place_id:ChIJqwMesfmLGGARFoTbPjR5vZQ,,true
319,,テレキューブ 渋谷クロスタワー(33-02),0120-595-656,ChIJrS_NPFmLGGAROKSsG-TDIrU,https://www.google.com/maps/place/?q=place_id:ChIJrS_NPFmLGGAROKSsG-TDIrU,,true
78,,コワークスペース Funshare,03-5809-2979,ChIJ0TYv06aPGGARjtSjGf0etQ4,https://www.google.com/maps/place/?q=place_id:ChIJ0TYv06aPGGARjtSjGf0etQ4,,true
234,,テレキューブ 豊洲フォレシア(19-04),0120-595-656,ChIJKcS0vaGJGGARZQwin8ZFUiE,https://www.google.com/maps/place/?q=place_id:ChIJKcS0vaGJGGARZQwin8ZFUiE,,true
235,,テレキューブ 豊洲フォレシア(19-05),0120-595-656,ChIJKcS0vaGJGGARZQwin8ZFUiE,https://www.google.com/maps/place/?q=place_id:ChIJKcS0vaGJGGARZQwin8ZFUiE,,true
236,,テレキューブ 豊洲フォレシア(19-06),0120-595-656,ChIJKcS0vaGJGGARZQwin8ZFUiE,https://www.google.com/maps/place/?q=place_id:ChIJKcS0vaGJGGARZQwin8ZFUiE,,true
157,,テレキューブ ランドマークタワー(06-01),0120-595-656,ChIJh3cROpFdGGARpmzPfA5Vzys,https://www.google.com/maps/place/?q=place_id:ChIJh3cROpFdGGARpmzPfA5Vzys,,true
125,,HER 80°,098-866-5566,ChIJY1FMmtVr5TQR1aW0r56SuMo,https://www.google.com/maps/place/?q=place_id:ChIJY1FMmtVr5TQR1aW0r56SuMo,,false
241,,テレキューブ TIX TOWER UENO(60-01),0120-595-656,ChIJRcD1apmOGGARMLKxEpdOGo8,https://www.google.com/maps/place/?q=place_id:ChIJRcD1apmOGGARMLKxEpdOGo8,,true
207,,テレキューブ 大名古屋ビルヂング(42-02),0120-595-656,ChIJW3FhQN12A2AR9C3RRp4zOcw,https://www.google.com/maps/place/?q=place_id:ChIJW3FhQN12A2AR9C3RRp4zOcw,,true
206,,テレキューブ 大名古屋ビルヂング(42-01),0120-595-656,ChIJW3FhQN12A2AR9C3RRp4zOcw,https://www.google.com/maps/place/?q=place_id:ChIJW3FhQN12A2AR9C3RRp4zOcw,,true
242,,テレキューブ TIX TOWER UENO(60-02),0120-595-656,ChIJRcD1apmOGGARMLKxEpdOGo8,https://www.google.com/maps/place/?q=place_id:ChIJRcD1apmOGGARMLKxEpdOGo8,,true
245,,テレキューブ 赤坂パークビル(44-01),0120-595-656,ChIJnz0UdYCLGGARX3S_b-aC9dw,https://www.google.com/maps/place/?q=place_id:ChIJnz0UdYCLGGARX3S_b-aC9dw,,true
353,,働き方創造空間 work & cafe Ta-Te,092-707-3132,ChIJ3QAqhNKRQTURpqT3HDCj8UQ,https://www.google.com/maps/place/?q=place_id:ChIJ3QAqhNKRQTURpqT3HDCj8UQ,,true
350,,ホテルタビノス浅草,03-6837-6867,"",,,true
250,,テレキューブ 二番町センタービル(68-02),0120-595-656,ChIJ5RPVnWOMGGARSR1h3e8RqYU,https://www.google.com/maps/place/?q=place_id:ChIJ5RPVnWOMGGARSR1h3e8RqYU,,true
251,,テレキューブ 鉄鋼ビルディング(72-01),0120-595-656,ChIJQdIPgP6LGGAR23wO85uLTx8,https://www.google.com/maps/place/?q=place_id:ChIJQdIPgP6LGGAR23wO85uLTx8,,true
252,,テレキューブ ポンテポルタ千住(69-01),0120-595-656,ChIJt7r6GF2OGGARgroD_kZti0c,https://www.google.com/maps/place/?q=place_id:ChIJt7r6GF2OGGARgroD_kZti0c,,true
212,,テレキューブ 京成船橋駅 東口改札外(32-01),0120-595-656,ChIJSzTlgXiAGGARadv0AOotIoI,https://www.google.com/maps/place/?q=place_id:ChIJSzTlgXiAGGARadv0AOotIoI,,true
253,,テレキューブ ポンテポルタ千住(69-02),0120-595-656,ChIJt7r6GF2OGGARgroD_kZti0c,https://www.google.com/maps/place/?q=place_id:ChIJt7r6GF2OGGARgroD_kZti0c,,true
254,,テレキューブ 山王グランドビル(64-01),0120-595-656,ChIJWa_gwniMGGARkqeu6zNoHmA,https://www.google.com/maps/place/?q=place_id:ChIJWa_gwniMGGARkqeu6zNoHmA,,true
40,,Azumino Coworking（安曇野コワーキングスペース）,0263-73-6733,ChIJubLREf1sHWARC4ELrei5KAk,https://www.google.com/maps/place/?q=place_id:ChIJubLREf1sHWARC4ELrei5KAk,,true
349,,Office TAKASAKI BASE,080-8476-0883,ChIJ1R6CcJuSHmARSnX16CFBoqo,https://www.google.com/maps/place/?q=place_id:ChIJ1R6CcJuSHmARSnX16CFBoqo,,true
259,,テレキューブ 飯田橋升本ビル(84-01),0120-595-656,ChIJm8uR3kSMGGARmA1jDgRKZMc,https://www.google.com/maps/place/?q=place_id:ChIJm8uR3kSMGGARmA1jDgRKZMc,,true
218,,テレキューブ 京成幕張本郷駅(52-02),0120-595-656,ChIJMX_Y47iBImAR9IWI3GJBM0A,https://www.google.com/maps/place/?q=place_id:ChIJMX_Y47iBImAR9IWI3GJBM0A,,true
217,,テレキューブ 京成幕張本郷駅(52-01),0120-595-656,ChIJMX_Y47iBImAR9IWI3GJBM0A,https://www.google.com/maps/place/?q=place_id:ChIJMX_Y47iBImAR9IWI3GJBM0A,,true
84,,AkibaコワーキングスペースRampart,03-3525-4152,ChIJecGNbKiOGGAR-98GIXgFdz8,https://www.google.com/maps/place/?q=place_id:ChIJecGNbKiOGGAR-98GIXgFdz8,,true
158,,テレキューブ ランドマークタワー(06-02),0120-595-656,ChIJh3cROpFdGGARpmzPfA5Vzys,https://www.google.com/maps/place/?q=place_id:ChIJh3cROpFdGGARpmzPfA5Vzys,,true
329,,Market St.,052-526-5115,ChIJF2iihMh3A2ARhD9mlrU0JmA,https://www.google.com/maps/place/?q=place_id:ChIJF2iihMh3A2ARhD9mlrU0JmA,,true
271,,テレキューブ イトーヨーカドー多摩センター店(82-02),0120-595-656,ChIJ1afDZTXjGGARQH3ipdfQx5o,https://www.google.com/maps/place/?q=place_id:ChIJ1afDZTXjGGARQH3ipdfQx5o,,true
274,,テレキューブ 太陽生命品川ビル(86-01),0120-595-656,ChIJ-49gGVuKGGARO6brVZZxCAQ,https://www.google.com/maps/place/?q=place_id:ChIJ-49gGVuKGGARO6brVZZxCAQ,,true
222,,テレキューブ イトーヨーカドー川崎港町店(59-02),0120-595-656,ChIJTZzhfsNgGGARSp7EuH4ktqY,https://www.google.com/maps/place/?q=place_id:ChIJTZzhfsNgGGARSp7EuH4ktqY,,true
202,,テレキューブ イトーヨーカドー藤沢店(49-02),0120-595-656,ChIJ4WrSb7VPGGARh5TyKlKlnR8,https://www.google.com/maps/place/?q=place_id:ChIJ4WrSb7VPGGARh5TyKlKlnR8,,true
348,,VANDALISM,03-5784-0939,ChIJ0xyeSqiMGGARSgUw0xMoIkI,https://www.google.com/maps/place/?q=place_id:ChIJ0xyeSqiMGGARSgUw0xMoIkI,,true
275,,テレキューブ 太陽生命品川ビル(86-02),0120-595-656,ChIJ-49gGVuKGGARO6brVZZxCAQ,https://www.google.com/maps/place/?q=place_id:ChIJ-49gGVuKGGARO6brVZZxCAQ,,true
330,,E.R.NEXT 六甲道,078-855-7910,ChIJ1fk0ajmMAGAR9_5t8-C29y0,https://www.google.com/maps/place/?q=place_id:ChIJ1fk0ajmMAGAR9_5t8-C29y0,,true
334,,生駒市テレワーク＆インキュベーションセンター「イコマド」,0743-71-6234,ChIJv-6FXbcjAWARHWw309SiWOg,https://www.google.com/maps/place/?q=place_id:ChIJv-6FXbcjAWARHWw309SiWOg,,true
118,,パズル浅草橋,03-5839-2168,ChIJXcZitK-OGGAR6Vpp7BhsDO0,https://www.google.com/maps/place/?q=place_id:ChIJXcZitK-OGGAR6Vpp7BhsDO0,,false
323,,東京アントレサロン,03-3231-0422,ChIJa73HE_2LGGAR_6cXoln9nZA,https://www.google.com/maps/place/?q=place_id:ChIJa73HE_2LGGAR_6cXoln9nZA,,true
357,,コワーキングスペースがんじゅうタワー,0980-52-8123,ChIJWeczDhBX5DQRxmbAE3Zu3n8,https://www.google.com/maps/place/?q=place_id:ChIJWeczDhBX5DQRxmbAE3Zu3n8,,true
338,,Cafe Kolm,080-4343-6679,ChIJi_Tni7v0GGARw9aiYtARaJc,https://www.google.com/maps/place/?q=place_id:ChIJi_Tni7v0GGARw9aiYtARaJc,,true
331,,coco de tea,03-6875-7720,ChIJ866EXXaNGGAR8zhi73bYAe8,https://www.google.com/maps/place/?q=place_id:ChIJ866EXXaNGGAR8zhi73bYAe8,,true
347,,Gran-S,045-824-4214,ChIJAYO9CE9aGGARXdIZfks_2RY,https://www.google.com/maps/place/?q=place_id:ChIJAYO9CE9aGGARXdIZfks_2RY,,true
372,,Children's Cafe B&B Kimie,0467-73-7757,ChIJNZ-ZL8xFGGARTy6ch6byEQA,https://www.google.com/maps/place/?q=place_id:ChIJNZ-ZL8xFGGARTy6ch6byEQA,,true
273,,テレキューブ MARK IS みなとみらい(85-02),0120-595-656,ChIJ29nqzUJcGGAR65wFxPgS4dE,https://www.google.com/maps/place/?q=place_id:ChIJ29nqzUJcGGAR65wFxPgS4dE,,true
272,,テレキューブ MARK IS みなとみらい(85-01),0120-595-656,ChIJ29nqzUJcGGAR65wFxPgS4dE,https://www.google.com/maps/place/?q=place_id:ChIJ29nqzUJcGGAR65wFxPgS4dE,,true
256,,テレキューブ 清和梅田ビル(70-01),0120-595-656,ChIJRb7i0ezmAGARquAVdXAr308,https://www.google.com/maps/place/?q=place_id:ChIJRb7i0ezmAGARquAVdXAr308,,true
178,,テレキューブ 阪急ターミナルビル(26-01),0120-595-656,ChIJy0aQN5LmAGARgR1jFCdW4Mo,https://www.google.com/maps/place/?q=place_id:ChIJy0aQN5LmAGARgR1jFCdW4Mo,,true
292,,テレキューブ いちご九段ビル(92-01),0120-595-656,ChIJN1W3ARWMGGARFQpPG6TY5vc,https://www.google.com/maps/place/?q=place_id:ChIJN1W3ARWMGGARFQpPG6TY5vc,,true
293,,テレキューブ ニッポン放送本社ビル(97-01),0120-595-656,ChIJtZjfL_CLGGARrdgOzVf3Kcc,https://www.google.com/maps/place/?q=place_id:ChIJtZjfL_CLGGARrdgOzVf3Kcc,,true
294,,テレキューブ ニッポン放送本社ビル(97-02),0120-595-656,ChIJtZjfL_CLGGARrdgOzVf3Kcc,https://www.google.com/maps/place/?q=place_id:ChIJtZjfL_CLGGARrdgOzVf3Kcc,,true
296,,テレキューブ コモレ四谷(101-01),0120-595-656,ChIJBWdTKNmNGGARs66BF8qkFtE,https://www.google.com/maps/place/?q=place_id:ChIJBWdTKNmNGGARs66BF8qkFtE,,true
332,,ニュースリリース１・ルーム,0886784584,"",,,true
257,,テレキューブ 清和梅田ビル(70-02),0120-595-656,ChIJRb7i0ezmAGARquAVdXAr308,https://www.google.com/maps/place/?q=place_id:ChIJRb7i0ezmAGARquAVdXAr308,,true
299,,テレキューブ 品川シーサイドパークタワー(93-02),0120-595-656,ChIJ76BHpTyLGGAR0HXStwUgXnI,https://www.google.com/maps/place/?q=place_id:ChIJ76BHpTyLGGAR0HXStwUgXnI,,true
302,,テレキューブ ESCALIER五番町(102-01),0120-595-656,ChIJPcycP_SNGGARLM6NrUWATck,https://www.google.com/maps/place/?q=place_id:ChIJPcycP_SNGGARLM6NrUWATck,,true
374,,coxa,09068594861,ChIJ5Smh4Fv_5DQRVs6tWnNJgnQ,https://www.google.com/maps/place/?q=place_id:ChIJ5Smh4Fv_5DQRVs6tWnNJgnQ,,true
333,,テーブルシェアざのば,05035967460,ChIJheN5CJzvGGAR9SH-GI3wqkg,https://www.google.com/maps/place/?q=place_id:ChIJheN5CJzvGGAR9SH-GI3wqkg,,true
309,,テレキューブ アリオ葛西(103-01),0120-595-656,ChIJcdb2RmR9GGARzqlTUWqX6Gc,https://www.google.com/maps/place/?q=place_id:ChIJcdb2RmR9GGARzqlTUWqX6Gc,,true
286,,テレキューブ JR西日本 高槻駅改札外 北側通路(95-02),0120-595-656,ChIJ882npbcCAWARVohZWz4eLWc,https://www.google.com/maps/place/?q=place_id:ChIJ882npbcCAWARVohZWz4eLWc,,true
79,,Microsoft Base Okinawa,050-3556-6900,ChIJCYc7ICkT5TQR9Dtbm8k8s6Y,https://www.google.com/maps/place/?q=place_id:ChIJCYc7ICkT5TQR9Dtbm8k8s6Y,,true
343,,横浜アントレサロン,04-5316-1366,ChIJaTuEOg5cGGARtXy6QjDyR74,https://www.google.com/maps/place/?q=place_id:ChIJaTuEOg5cGGARtXy6QjDyR74,,true
335,,TUBO CAFE,042-645-2434,ChIJ5Xvqud4dGWARoaubJFKoQ28,https://www.google.com/maps/place/?q=place_id:ChIJ5Xvqud4dGWARoaubJFKoQ28,,true
133,,ホテルビジネスヴィラ大森,03-5493-0555,ChIJj03-D7NhGGARFiUDqr-1N3c,https://www.google.com/maps/place/?q=place_id:ChIJj03-D7NhGGARFiUDqr-1N3c,,true
354,,アガイティーダ,090-6869-5787,ChIJ_1TLxPJx5TQRV5eWy6HiEWk,https://www.google.com/maps/place/?q=place_id:ChIJ_1TLxPJx5TQRV5eWy6HiEWk,,true
306,,テレキューブ JR西日本 大阪駅改札外(105-01),0120-595-656,ChIJC6fjlY3mAGARSshZ6CLIrhs,https://www.google.com/maps/place/?q=place_id:ChIJC6fjlY3mAGARSshZ6CLIrhs,,true
305,,テレキューブ JR西日本 新大阪駅在来線改札内(104-02),0120-595-656,ChIJSc4SbDnkAGARz3YQv-DE1zs,https://www.google.com/maps/place/?q=place_id:ChIJSc4SbDnkAGARz3YQv-DE1zs,,true
30,,おしごとパセラ上野公園前店,0120-706-735,ChIJrboaM_SPGGAR-Bb7eDmb3iE,https://www.google.com/maps/place/?q=place_id:ChIJrboaM_SPGGAR-Bb7eDmb3iE,,true
364,,はじまる学び場。,09061852058,ChIJ_ZcClWBFGGARzqUMkM383nw,https://www.google.com/maps/place/?q=place_id:ChIJ_ZcClWBFGGARzqUMkM383nw,,true
72,,檜原おいねハウス,042-598-1111,ChIJnTB32Gs7GWARi42p3LiP79Y,https://www.google.com/maps/place/?q=place_id:ChIJnTB32Gs7GWARi42p3LiP79Y,,true
163,,テレキューブ 西武鉄道 所沢駅 改札内 コンコース(11-02),0120-595-656,ChIJ0WLUFGLnGGARyqMQb2VBToU,https://www.google.com/maps/place/?q=place_id:ChIJ0WLUFGLnGGARyqMQb2VBToU,,true
90,,道玄坂NETROOM1.st,03-6416-1091,ChIJm7bT49KNGGARJ8JELO6Zb6Y,https://www.google.com/maps/place/?q=place_id:ChIJm7bT49KNGGARJ8JELO6Zb6Y,,true
149,,テレキューブ 新丸の内ビル(02-02),0120-595-656,ChIJTdqoSA-LGGARA7TIM1OA7qU,https://www.google.com/maps/place/?q=place_id:ChIJTdqoSA-LGGARA7TIM1OA7qU,,true
320,,テレキューブ 渋谷クロスタワー(33-03),0120-595-656,ChIJrS_NPFmLGGAROKSsG-TDIrU,https://www.google.com/maps/place/?q=place_id:ChIJrS_NPFmLGGAROKSsG-TDIrU,,true
322,,銀座アントレサロン,03-3545-1765,ChIJP9a0tueLGGARYVzGzEYEMjY,https://www.google.com/maps/place/?q=place_id:ChIJP9a0tueLGGARYVzGzEYEMjY,,true
336,,MYCAFE錦通り店,052-229-0057,ChIJI59hwtd2A2ARMYEPMuiANDM,https://www.google.com/maps/place/?q=place_id:ChIJI59hwtd2A2ARMYEPMuiANDM,,true
150,,テレキューブ 新丸の内ビル(02-03),0120-595-656,ChIJTdqoSA-LGGARA7TIM1OA7qU,https://www.google.com/maps/place/?q=place_id:ChIJTdqoSA-LGGARA7TIM1OA7qU,,true
153,,テレキューブ 国際新赤坂ビル東館(09-01),0120-595-656,ChIJPT_WKoeLGGARKdopmVetSUg,https://www.google.com/maps/place/?q=place_id:ChIJPT_WKoeLGGARKdopmVetSUg,,true
156,,テレキューブ 日比谷国際ビル(05-02),0120-595-656,ChIJC_lIBe2LGGAR36rHoyRRs4U,https://www.google.com/maps/place/?q=place_id:ChIJC_lIBe2LGGAR36rHoyRRs4U,,true
164,,テレキューブ 小田急電鉄 経堂駅 改札内(12-01),0120-595-656,ChIJwxJfPpbzGGARg0AD5mIaoA0,https://www.google.com/maps/place/?q=place_id:ChIJwxJfPpbzGGARg0AD5mIaoA0,,true
71,,BIZcomfort横浜元町,045-323-9916,ChIJBx-nUUJdGGARFliSuajWF-8,https://www.google.com/maps/place/?q=place_id:ChIJBx-nUUJdGGARFliSuajWF-8,,true
170,,テレキューブ 東武鉄道 北千住駅改札内(22-01),0120-595-656,ChIJcW6bo0-OGGARCbs3q_vmtww,https://www.google.com/maps/place/?q=place_id:ChIJcW6bo0-OGGARCbs3q_vmtww,,true
171,,テレキューブ 豊洲フロント(18-01),0120-595-656,ChIJLccenZ-JGGARpy5Jb8hF54g,https://www.google.com/maps/place/?q=place_id:ChIJLccenZ-JGGARpy5Jb8hF54g,,true
303,,テレキューブ 阪急ターミナルビル(26-02),0120-595-656,ChIJy0aQN5LmAGARgR1jFCdW4Mo,https://www.google.com/maps/place/?q=place_id:ChIJy0aQN5LmAGARgR1jFCdW4Mo,,true
173,,テレキューブ 汐留ビルディング(16-01),0120-595-656,ChIJWSAMmMWLGGAR4FiK5Lo81yw,https://www.google.com/maps/place/?q=place_id:ChIJWSAMmMWLGGAR4FiK5Lo81yw,,true
176,,テレキューブ 新宿イーストサイドスクエア(21-01),0120-595-656,ChIJBdPl-d6MGGARcAJnbd7oxHM,https://www.google.com/maps/place/?q=place_id:ChIJBdPl-d6MGGARcAJnbd7oxHM,,true
177,,テレキューブ 新宿イーストサイドスクエア(21-02),0120-595-656,ChIJBdPl-d6MGGARcAJnbd7oxHM,https://www.google.com/maps/place/?q=place_id:ChIJBdPl-d6MGGARcAJnbd7oxHM,,true
185,,テレキューブ JPタワー(25-02),0120-595-656,ChIJeQ2LO9WLGGAR3dFsd4Hr3QU,https://www.google.com/maps/place/?q=place_id:ChIJeQ2LO9WLGGAR3dFsd4Hr3QU,,true
186,,テレキューブ 東武鉄道 北千住駅改札内 南側地下コンコース(22-02),0120-595-656,ChIJcW6bo0-OGGARCbs3q_vmtww,https://www.google.com/maps/place/?q=place_id:ChIJcW6bo0-OGGARCbs3q_vmtww,,true
189,,テレキューブ 銀座松竹スクエア(31-01),0120-595-656,ChIJ__8_O96LGGARYhCzLWPvnSg,https://www.google.com/maps/place/?q=place_id:ChIJ__8_O96LGGARYhCzLWPvnSg,,true
192,,テレキューブ 丸の内オアゾ(36-02),0120-595-656,ChIJcTE8WgyLGGARjzl8yBRL23A,https://www.google.com/maps/place/?q=place_id:ChIJcTE8WgyLGGARjzl8yBRL23A,,true
193,,テレキューブ 豊洲プライムスクエア(35-01),0120-595-656,ChIJmQxSpLyJGGARWIvHfCXLVp4,https://www.google.com/maps/place/?q=place_id:ChIJmQxSpLyJGGARWIvHfCXLVp4,,true
195,,テレキューブ 三田国際ビル(34-01),0120-595-656,ChIJtVAcnruLGGAR9o-qsWT2mQk,https://www.google.com/maps/place/?q=place_id:ChIJtVAcnruLGGAR9o-qsWT2mQk,,true
199,,テレキューブ イトーヨーカドー武蔵境店(40-02),0120-595-656,ChIJUwwL4pjvGGARwH5XnVingY4,https://www.google.com/maps/place/?q=place_id:ChIJUwwL4pjvGGARwH5XnVingY4,,true
200,,テレキューブ 東京ビルディング TOKIA(37-01),0120-595-656,ChIJoz6-ZQeLGGARIUhakahaSC8,https://www.google.com/maps/place/?q=place_id:ChIJoz6-ZQeLGGARIUhakahaSC8,,true
326,,赤坂アントレサロン,03-6455-5114,ChIJk0S05MmNGGARUsA2pjGc2gQ,https://www.google.com/maps/place/?q=place_id:ChIJk0S05MmNGGARUsA2pjGc2gQ,,true
321,,テレキューブ セブンイレブンハイアットリージェンシー東京店(113-01),0120-595-656,ChIJR3s9zSrzGGARck5SsvgMA6Q,https://www.google.com/maps/place/?q=place_id:ChIJR3s9zSrzGGARck5SsvgMA6Q,,true
130,,Cowork Link.ZEROICHI福岡中洲4F,092-710-6056,ChIJwX1A6jmRQTURg4knIcZolb0,https://www.google.com/maps/place/?q=place_id:ChIJwX1A6jmRQTURg4knIcZolb0,,true
317,,テレキューブ セブンイレブン川崎中原区役所前店(112-01),0120-595-656,ChIJl7ZkLnr1GGAR329Xr9mxVDo,https://www.google.com/maps/place/?q=place_id:ChIJl7ZkLnr1GGAR329Xr9mxVDo,,true
315,,テレキューブ 名古屋鉄道 名鉄岐阜駅 2F改札外(110-01),0120-595-656,ChIJezpEVjipA2ARQ8zUmMadU4Y,https://www.google.com/maps/place/?q=place_id:ChIJezpEVjipA2ARQ8zUmMadU4Y,,true
340,,新宿アントレサロン,03-3351-3022,ChIJ97keydyMGGARYJzrXYEDfn8,https://www.google.com/maps/place/?q=place_id:ChIJ97keydyMGGARYJzrXYEDfn8,,true
313,,テレキューブ 名古屋鉄道 金山駅 改札内(108-01),0120-595-656,ChIJm_RJjVJ3A2ARqM0CxPce7gI,https://www.google.com/maps/place/?q=place_id:ChIJm_RJjVJ3A2ARqM0CxPce7gI,,true
312,,テレキューブ 名鉄バスターミナルビル(107-02),0120-595-656,ChIJVVVV4t12A2ARuGHeruHGtx8,https://www.google.com/maps/place/?q=place_id:ChIJVVVV4t12A2ARuGHeruHGtx8,,true
26,,おしごとパセラ新宿靖国通り店,0120-692-051,ChIJ9STBCqWNGGARIKXnbcftZMc,https://www.google.com/maps/place/?q=place_id:ChIJ9STBCqWNGGARIKXnbcftZMc,,true
365,,howlive読谷村残波岬店,090-1941-0599,ChIJhRPcIkgX5TQRDqJWEyJ9Jbc,https://www.google.com/maps/place/?q=place_id:ChIJhRPcIkgX5TQRDqJWEyJ9Jbc,,true
311,,テレキューブ 名鉄バスターミナルビル(107-01),0120-595-656,ChIJVVVV4t12A2ARuGHeruHGtx8,https://www.google.com/maps/place/?q=place_id:ChIJVVVV4t12A2ARuGHeruHGtx8,,true
301,,テレキューブ 梅田阪急ビルオフィスタワー(100-02),0120-595-656,ChIJwVVn8ZLmAGARC1oplypNCgM,https://www.google.com/maps/place/?q=place_id:ChIJwVVn8ZLmAGARC1oplypNCgM,,true
290,,テレキューブ イトーヨーカドー船橋店(91-01),0120-595-656,ChIJ1R1SDXmAGGARKOU9RvEMTHc,https://www.google.com/maps/place/?q=place_id:ChIJ1R1SDXmAGGARKOU9RvEMTHc,,true
281,,テレキューブ イトーヨーカドーあべの店(81-02),0120-595-656,ChIJfe64BO7dAGAR0yBoQkCcOqQ,https://www.google.com/maps/place/?q=place_id:ChIJfe64BO7dAGAR0yBoQkCcOqQ,,true
268,,テレキューブ イトーヨーカドー立場店(83-01),0120-595-656,ChIJL0vIz-lQGGARSxzD4sIptB0,https://www.google.com/maps/place/?q=place_id:ChIJL0vIz-lQGGARSxzD4sIptB0,,true
264,,テレキューブ 相鉄ライフ二俣川(78-01),0120-595-656,ChIJwTGHBd5ZGGARmUiwYgcqqz8,https://www.google.com/maps/place/?q=place_id:ChIJwTGHBd5ZGGARmUiwYgcqqz8,,true
243,,テレキューブ 水戸OPA(66-01),0120-595-656,ChIJD1Bf7gAlImARQZ-D0dAvytc,https://www.google.com/maps/place/?q=place_id:ChIJD1Bf7gAlImARQZ-D0dAvytc,,true
310,,テレキューブ セブンイレブンけやき広場前店(106-01),0120-595-656,ChIJN4KYmAzBGGAR8pMXjdPP150,https://www.google.com/maps/place/?q=place_id:ChIJN4KYmAzBGGAR8pMXjdPP150,,true
300,,テレキューブ 梅田阪急ビルオフィスタワー(100-01),0120-595-656,ChIJwVVn8ZLmAGARC1oplypNCgM,https://www.google.com/maps/place/?q=place_id:ChIJwVVn8ZLmAGARC1oplypNCgM,,true
289,,テレキューブ 流山おおたかの森 こかげテラス(90-02),0120-595-656,ChIJT-dkWnmbGGARYBF_qB4Gu44,https://www.google.com/maps/place/?q=place_id:ChIJT-dkWnmbGGARYBF_qB4Gu44,,true
285,,テレキューブ JR西日本 高槻駅改札外 北側通路(95-01),0120-595-656,ChIJ882npbcCAWARVohZWz4eLWc,https://www.google.com/maps/place/?q=place_id:ChIJ882npbcCAWARVohZWz4eLWc,,true
267,,テレキューブ 相鉄ライフ三ツ境(80-01),0120-595-656,ChIJ90o7vPVXGGAR43dag15WgQQ,https://www.google.com/maps/place/?q=place_id:ChIJ90o7vPVXGGAR43dag15WgQQ,,true
261,,テレキューブ ツイン21(73-02),0120-595-656,ChIJAQBAPNHgAGARHfSNmO63G-Y,https://www.google.com/maps/place/?q=place_id:ChIJAQBAPNHgAGARHfSNmO63G-Y,,true
238,,テレキューブ クイーンズタワーA棟(62-02),0120-595-656,ChIJA8Ad-FxcGGAR0qJ2wT0Qwgs,https://www.google.com/maps/place/?q=place_id:ChIJA8Ad-FxcGGAR0qJ2wT0Qwgs,,true
337,,さくらWORKS＜関内＞,045-664-9009,ChIJDTqgKPdcGGARVIlmArgAusY,https://www.google.com/maps/place/?q=place_id:ChIJDTqgKPdcGGARVIlmArgAusY,,true
308,,テレキューブ JR西日本 大阪駅改札外(105-03),0120-595-656,ChIJC6fjlY3mAGARSshZ6CLIrhs,https://www.google.com/maps/place/?q=place_id:ChIJC6fjlY3mAGARSshZ6CLIrhs,,true
304,,テレキューブ JR西日本 新大阪駅在来線改札内(104-01),0120-595-656,ChIJSc4SbDnkAGARz3YQv-DE1zs,https://www.google.com/maps/place/?q=place_id:ChIJSc4SbDnkAGARz3YQv-DE1zs,,true
288,,テレキューブ 流山おおたかの森 こかげテラス(90-01),0120-595-656,ChIJT-dkWnmbGGARYBF_qB4Gu44,https://www.google.com/maps/place/?q=place_id:ChIJT-dkWnmbGGARYBF_qB4Gu44,,true
341,,渋谷アントレサロン,03-3461-3566,ChIJ_xJws4OLGGARQ0hpuwRViuo,https://www.google.com/maps/place/?q=place_id:ChIJ_xJws4OLGGARQ0hpuwRViuo,,true
141,,Satellite YUIGAHAMA,080-2117-3217,ChIJ6fR-EO9FGGARlpLLM6cDmJI,https://www.google.com/maps/place/?q=place_id:ChIJ6fR-EO9FGGARlpLLM6cDmJI,,true
291,,テレキューブ イトーヨーカドー船橋店(91-02),0120-595-656,ChIJ1R1SDXmAGGARKOU9RvEMTHc,https://www.google.com/maps/place/?q=place_id:ChIJ1R1SDXmAGGARKOU9RvEMTHc,,true
287,,テレキューブ JR西日本 尼崎駅改札外(96-01),0120-595-656,ChIJqVuEGpjvAGARgaY1MLKdbS4,https://www.google.com/maps/place/?q=place_id:ChIJqVuEGpjvAGARgaY1MLKdbS4,,true
284,,テレキューブ つくばエクスプレス TXアベニュー守谷(89-01),0120-595-656,ChIJFU2e7UWeGGARVA7OchN0UEk,https://www.google.com/maps/place/?q=place_id:ChIJFU2e7UWeGGARVA7OchN0UEk,,true
282,,テレキューブ 名古屋東宝ビル(87-01),0120-595-656,ChIJX6bpPtt3A2AR2l_Fr6Jj1Fw,https://www.google.com/maps/place/?q=place_id:ChIJX6bpPtt3A2AR2l_Fr6Jj1Fw,,true
280,,テレキューブ イトーヨーカドーあべの店(81-01),0120-595-656,ChIJfe64BO7dAGAR0yBoQkCcOqQ,https://www.google.com/maps/place/?q=place_id:ChIJfe64BO7dAGAR0yBoQkCcOqQ,,true
269,,テレキューブ イトーヨーカドー立場店(83-02),0120-595-656,ChIJL0vIz-lQGGARSxzD4sIptB0,https://www.google.com/maps/place/?q=place_id:ChIJL0vIz-lQGGARSxzD4sIptB0,,true
266,,テレキューブ コプレ二俣川 商業・業務棟(79-01),0120-595-656,ChIJN86xMtdZGGARHngUjgqm0cg,https://www.google.com/maps/place/?q=place_id:ChIJN86xMtdZGGARHngUjgqm0cg,,true
265,,テレキューブ ジョイナステラス2(77-01),0120-595-656,ChIJR59kgDtYGGARmudQ9H2rL6g,https://www.google.com/maps/place/?q=place_id:ChIJR59kgDtYGGARmudQ9H2rL6g,,true
258,,テレキューブ 毎日インテシオ(76-01),0120-595-656,ChIJi49LGovmAGARVva6l0v2VY8,https://www.google.com/maps/place/?q=place_id:ChIJi49LGovmAGARVva6l0v2VY8,,true
244,,テレキューブ 水戸OPA(66-02),0120-595-656,ChIJD1Bf7gAlImARQZ-D0dAvytc,https://www.google.com/maps/place/?q=place_id:ChIJD1Bf7gAlImARQZ-D0dAvytc,,true
339,, コワーキングスペースH.U.B島原,0957-61-1192,ChIJ9T--V2tsQDUR7I1f34HYtAg,https://www.google.com/maps/place/?q=place_id:ChIJ9T--V2tsQDUR7I1f34HYtAg,,true
56,,コワーキングスペース Basis Point 上野店,03-4531 6668,ChIJTdnR0OePGGARdmpEb9Zli4I,https://www.google.com/maps/place/?q=place_id:ChIJTdnR0OePGGARdmpEb9Zli4I,,true
116,,TENT成瀬コワーキングスペース＆シェアキッチン,042-785-4541,ChIJO4PmLZ_5GGARMKxcqx4eDO8,https://www.google.com/maps/place/?q=place_id:ChIJO4PmLZ_5GGARMKxcqx4eDO8,,true
10,,ハナレ軽井沢,050-3799-6160,ChIJqQfmmUvTHWARZnKQPpvnOsM,https://www.google.com/maps/place/?q=place_id:ChIJqQfmmUvTHWARZnKQPpvnOsM,,true
260,,テレキューブ ツイン21(73-01),0120-595-656,ChIJAQBAPNHgAGARHfSNmO63G-Y,https://www.google.com/maps/place/?q=place_id:ChIJAQBAPNHgAGARHfSNmO63G-Y,,true
246,,テレキューブ NLC森ノ宮ビル(67-01),0120-595-656,ChIJ__8__8fgAGARqtvkTsqXapU,https://www.google.com/maps/place/?q=place_id:ChIJ__8__8fgAGARqtvkTsqXapU,,true
237,,テレキューブ クイーンズタワーA棟(62-01),0120-595-656,ChIJA8Ad-FxcGGAR0qJ2wT0Qwgs,https://www.google.com/maps/place/?q=place_id:ChIJA8Ad-FxcGGAR0qJ2wT0Qwgs,,true
221,,テレキューブ イトーヨーカドー川崎港町店(59-01),0120-595-656,ChIJTZzhfsNgGGARSp7EuH4ktqY,https://www.google.com/maps/place/?q=place_id:ChIJTZzhfsNgGGARSp7EuH4ktqY,,true
182,,テレキューブ エビスタ西宮(29-01),0120-595-656,ChIJTShlP1_yAGARam7lFJw9uvE,https://www.google.com/maps/place/?q=place_id:ChIJTShlP1_yAGARam7lFJw9uvE,,true
180,,テレキューブ 新大阪阪急ビル(27-02),0120-595-656,ChIJb3n6DjnkAGAR7eiScdHthHs,https://www.google.com/maps/place/?q=place_id:ChIJb3n6DjnkAGAR7eiScdHthHs,,true
179,,テレキューブ 新大阪阪急ビル(27-01),0120-595-656,ChIJb3n6DjnkAGAR7eiScdHthHs,https://www.google.com/maps/place/?q=place_id:ChIJb3n6DjnkAGAR7eiScdHthHs,,true
28,,おしごとパセラ池袋本店,0120-706-740,ChIJ07LFKlyNGGARUvzKs0It3CY,https://www.google.com/maps/place/?q=place_id:ChIJ07LFKlyNGGARUvzKs0It3CY,,true
360,,howlive宮古島店,090-6869-6065,ChIJEwivV4tT9DQRudoyGFuLexY,https://www.google.com/maps/place/?q=place_id:ChIJEwivV4tT9DQRudoyGFuLexY,,true
135,,Gallery Pictor,080-7085-8404,ChIJb_PYOHRFGGARN-zGMAmjM6A,https://www.google.com/maps/place/?q=place_id:ChIJb_PYOHRFGGARN-zGMAmjM6A,,true
359,,宮古島ICT交流センター,080-6480-8540,ChIJv1bb97lV9DQR1eIuXH-6lx8,https://www.google.com/maps/place/?q=place_id:ChIJv1bb97lV9DQR1eIuXH-6lx8,,true
368,,ハナウール	,0980-53-0031,ChIJIcdjU27_5DQRgCCZxgvYCls,https://www.google.com/maps/place/?q=place_id:ChIJIcdjU27_5DQRgCCZxgvYCls,,true
99,,ホテルアスティア名古屋栄,052-262-1177,ChIJC4OHy89wA2AR2DYeNujpcYI,https://www.google.com/maps/place/?q=place_id:ChIJC4OHy89wA2AR2DYeNujpcYI,,true
43,,おしごとパセラ池袋店（カフェフロア）,0120-706740,ChIJ07LFKlyNGGARUvzKs0It3CY,https://www.google.com/maps/place/?q=place_id:ChIJ07LFKlyNGGARUvzKs0It3CY,,true
